{"body":[{"val":"","selector":"body","attr":"background-color"},{"val":"","selector":"body","attr":"background-image"},{"val":"","selector":"body,body #page","attr":"font-size"},{"val":"f70505","selector":"body,body #page","attr":"color"},{"val":"e200e6","selector":"a, #page a","attr":"color"}],"topbar":[{"val":"","selector":"#topbar","attr":"background-color"},{"val":"","selector":"#topbar,#topbar .btn-dropdown span","attr":"color"},{"val":"","selector":"#topbar a,#topbar .btn.btn-theme-normal","attr":"color"},{"val":"","selector":"#topbar,#topbar .links li,#topbar .btn.btn-theme-normal","attr":"border-color"},{"val":"","selector":"#topbar .fa,#topbar .btn.btn-theme-normal .fa","attr":"color"}],"header-main":[{"val":"","selector":"#header-main","attr":"background-color"},{"val":"","selector":"#header-main","attr":"background-image"},{"val":"","selector":"\r\n\t\t\t\t#header-main,#header-main h1,#header-main h2,#header-main h3,#header-main h4,#header-main h5,#header-main h6\r\n\t\t\t","attr":"color"},{"val":"","selector":"#header-main a,#header-main #cart a .fa","attr":"color"},{"val":"","selector":"#header-main #cart .media .icon-cart","attr":"background-color"},{"val":"","selector":"#header-main .fa,#header #cart .icon-cart","attr":"color"}],"pav-masshead":[{"val":"","selector":"#pav-masshead, #pav-masshead .inner","attr":"background-color"},{"val":"","selector":"#pav-masshead","attr":"background-image"},{"val":"","selector":"#search-auto .input-search","attr":"background-color"},{"val":"","selector":"#search-auto .button-search","attr":"color"}],"pav-verticalmenu":[{"val":"","selector":"#pav-verticalmenu .box-heading","attr":"background-color"},{"val":"","selector":"#pav-verticalmenu .box-heading","attr":"color"},{"val":"","selector":"\r\n\t\t\t\t\r\n\t\t\t\t\t#pav-verticalmenu .navbar-nav &gt; li &gt; a .menu-icon .menu-title\r\n\t\t\t\t\r\n\t\t\t","attr":"color"}],"footer":[{"val":"","selector":".footer-top,.footer-top .inner, .footer-center,.footer-center .inner, #powered","attr":"background-color"},{"val":"","selector":".footer-top,.footer-top .inner, .footer-center,.footer-center .inner, #powered","attr":"background-image"},{"val":"1613ed","selector":"\r\n\t\t\t\t#footer,#footer .box .box-heading,#footer .box.pavgooglemap .box-heading,#powered\t\t\t\t\r\n\t\t\t","attr":"color"},{"val":"ffee00","selector":"#footer a","attr":"color"}],"product":[{"val":"","selector":".product-block .name a","attr":"color"},{"val":"","selector":".price","attr":"color"},{"val":"","selector":".price .price-new","attr":"color"},{"val":"","selector":".price .price-old","attr":"color"},{"val":"","selector":"\r\n\t\t\t\t.btn.btn-shopping-cart .fa,.product-block .product-icon\r\n\t\t\t","attr":"color"},{"val":"","selector":"\r\n\t\t\t\t.btn.btn-shopping-cart span + span\r\n\t\t\t","attr":"color"},{"val":"","selector":"\r\n\t\t\t\t.btn.btn-shopping-cart .fa\r\n\t\t\t","attr":"background-color"},{"val":"","selector":"\r\n\t\t\t\t.btn.btn-shopping-cart .fa\r\n\t\t\t","attr":"color"},{"val":"","selector":"\r\n\t\t\t\t.btn.btn-shopping-cart span + span,.product-block .product-icon\r\n\t\t\t","attr":"border-color"},{"val":"","selector":"\r\n\t\t\t\t.product-label\r\n\t\t\t","attr":"border-top-color"},{"val":"","selector":".product-label-special","attr":"color"},{"val":"","selector":".product-block .pav-colorbox","attr":"background-color"},{"val":"","selector":"\r\n\t\t\t\t.product-block .pav-colorbox,.product-block .pav-colorbox .fa,\r\n\t\t\t\t.product-block .pav-colorbox span\r\n\t\t\t","attr":"color"}]}